YearOfManufacture,Brand,Transmission,VIN,State,Colour,Seller,Sales,DateSold
2004,Toyota,Automatic,20c462738284,al,Silver,Best Auto,11160,05/11/2022
2011,Toyota,Manual,1bf4b4861293,al,Silver,Best Auto,83161,22/09/2022
2006,Toyota,Automatic,3d5fbe5444,al,Silver,123 Cars,89941,02/11/2023
2005,Toyota,Manual,25ec79735826,al,Silver,123 Cars,64953,17/09/2023
2011,Toyota,Automatic,2023c821565,al,Silver,XYZ Auto,80449,22/09/2023
2011,Toyota,Manual,3112782991,al,Silver,XYZ Auto,27829,17/11/2023
2013,Toyota,Automatic,126e66172066,al,Silver,ABC Motors,99364,01/07/2022
2006,Toyota,Manual,10a4aa70478,al,Silver,ABC Motors,49219,08/09/2022
2013,Honda,Automatic,2.4206E+11,al,Silver,Best Auto,53395,07/07/2022
2013,Honda,Manual,261aa321765,al,Silver,Best Auto,37328,13/12/2023
2006,Honda,Automatic,28ae0b988983,al,Silver,123 Cars,74325,31/10/2023
2008,Honda,Manual,3268ae461327,al,Silver,123 Cars,48644,18/07/2022
2010,Honda,Automatic,27282b135666,al,Silver,XYZ Auto,68461,27/05/2022
2011,Honda,Manual,18905d5408,al,Silver,XYZ Auto,78777,08/10/2023
2011,Honda,Automatic,3507dd10152,al,Silver,ABC Motors,39608,27/08/2023
2008,Honda,Manual,1bb029660592,al,Silver,ABC Motors,59770,11/09/2023
2010,Ford,Automatic,10ca1b907295,al,Silver,Best Auto,75644,12/08/2022
2012,Ford,Manual,27d994737339,al,Silver,Best Auto,51203,01/10/2023
2001,Ford,Automatic,194c2d102980,al,Silver,123 Cars,12876,11/04/2022
2011,Ford,Manual,1d34f8722759,al,Silver,123 Cars,90545,10/09/2023
2004,Ford,Automatic,35921446151,al,Silver,XYZ Auto,34996,03/11/2023
2003,Ford,Manual,2b9bdf442221,al,Silver,XYZ Auto,27405,18/06/2022
2008,Ford,Automatic,2d4bd762670,al,Silver,ABC Motors,78180,01/10/2023
2008,Ford,Manual,3cd6f5978601,al,Silver,ABC Motors,45892,12/09/2023
2000,Chevrolet,Automatic,1e62a5208740,al,Silver,Best Auto,23331,11/11/2023
2001,Chevrolet,Manual,195e1b92190,al,Silver,Best Auto,61829,22/05/2022
2008,Chevrolet,Automatic,1.85718E+11,al,Silver,123 Cars,47605,26/07/2022
2004,Chevrolet,Manual,127ea7491627,al,Silver,123 Cars,43377,22/05/2022
2005,Chevrolet,Automatic,3710df564836,al,Silver,XYZ Auto,52612,26/08/2022
2009,Chevrolet,Manual,314def667914,al,Silver,XYZ Auto,31625,30/10/2022
2002,Chevrolet,Automatic,12b950919204,al,Silver,ABC Motors,42676,30/08/2022
2000,Chevrolet,Manual,1d4c96523352,al,Silver,ABC Motors,22924,27/10/2023
2002,Nissan,Automatic,1.05089E+11,al,Silver,Best Auto,62872,25/06/2022
2002,Nissan,Manual,1b2f8a517857,al,Silver,Best Auto,66102,10/07/2022
2007,Nissan,Automatic,32f9d4362763,al,Silver,123 Cars,72411,12/06/2022
2005,Nissan,Manual,3ca019236435,al,Silver,123 Cars,43662,12/09/2023
2002,Nissan,Automatic,3adf5d591284,al,Silver,XYZ Auto,25669,02/05/2022
2001,Nissan,Manual,3ddf5f690494,al,Silver,XYZ Auto,91768,21/09/2023
2006,Nissan,Automatic,2a3479796937,al,Silver,ABC Motors,79496,16/04/2022
2006,Nissan,Manual,1.61373E+11,al,Silver,ABC Motors,26971,17/06/2022
2012,BMW,Automatic,3cc20c602783,al,Silver,Best Auto,54777,14/09/2023
2009,BMW,Manual,3bba27693358,al,Silver,Best Auto,12164,12/09/2023
2000,BMW,Automatic,1811a2227634,al,Silver,123 Cars,61305,12/11/2023
2002,BMW,Manual,16dbe0274765,al,Silver,123 Cars,98300,28/09/2023
2001,BMW,Automatic,2e5f6c963509,al,Silver,XYZ Auto,64574,22/08/2023
2001,BMW,Manual,384c84408719,al,Silver,XYZ Auto,10046,01/06/2022
2010,BMW,Automatic,363d72727810,al,Silver,ABC Motors,47546,13/05/2022
2012,BMW,Manual,1f68af201349,al,Silver,ABC Motors,29478,01/09/2023
2006,Toyota,Automatic,36064d132820,al,White,Best Auto,86541,01/05/2022
2011,Toyota,Manual,3.80596E+11,al,White,Best Auto,84731,29/11/2022
2002,Toyota,Automatic,2.39715E+11,al,White,123 Cars,17769,16/10/2022
2006,Toyota,Manual,1d6b0726699,al,White,123 Cars,60142,29/10/2022
2009,Toyota,Automatic,3.89207E+11,al,White,XYZ Auto,81933,20/10/2023
2003,Toyota,Manual,3c09ff990208,al,White,XYZ Auto,55716,09/04/2022
2007,Toyota,Automatic,14ac71545960,al,White,ABC Motors,12040,07/08/2023
2006,Toyota,Manual,171d22671829,al,White,ABC Motors,99946,16/10/2023
2013,Honda,Automatic,322c15279938,al,White,Best Auto,63568,17/04/2022
2001,Honda,Manual,33abfc654063,al,White,Best Auto,15969,20/10/2022
2005,Honda,Automatic,2036b4719342,al,White,123 Cars,27847,13/06/2022
2011,Honda,Manual,24274693053,al,White,123 Cars,44102,25/10/2022
2008,Honda,Automatic,31ea52453009,al,White,XYZ Auto,73085,02/10/2023
2002,Honda,Manual,267f3c577357,al,White,XYZ Auto,83292,22/11/2022
2004,Honda,Automatic,1e8b8d521420,al,White,ABC Motors,85125,29/10/2023
2008,Honda,Manual,23fd12796889,al,White,ABC Motors,39667,08/10/2023
2003,Ford,Automatic,17981a707220,al,White,Best Auto,43681,09/09/2023
2010,Ford,Manual,2f9c20505989,al,White,Best Auto,91129,23/09/2022
2013,Ford,Automatic,16b5b9479320,al,White,123 Cars,70656,24/09/2023
2013,Ford,Manual,22b06942109,al,White,123 Cars,13441,21/06/2022
2000,Ford,Automatic,19e34e637402,al,White,XYZ Auto,66464,13/04/2022
2003,Ford,Manual,1.70801E+11,al,White,XYZ Auto,17388,17/11/2023
2008,Ford,Automatic,3016e3960026,al,White,ABC Motors,66844,14/12/2023
2003,Ford,Manual,279af0715106,al,White,ABC Motors,69040,10/10/2023
2001,Chevrolet,Automatic,35887e496040,al,White,Best Auto,20179,15/09/2022
2001,Chevrolet,Manual,13973b888224,al,White,Best Auto,48011,26/11/2023
2006,Chevrolet,Automatic,316fbd594083,al,White,123 Cars,52414,26/10/2023
2008,Chevrolet,Manual,2.08078E+11,al,White,123 Cars,54249,01/12/2023
2002,Chevrolet,Automatic,1eb301138391,al,White,XYZ Auto,71368,28/04/2022
2013,Chevrolet,Manual,3e7bc5443071,al,White,XYZ Auto,35564,03/09/2023
2001,Chevrolet,Automatic,2.48083E+11,al,White,ABC Motors,35137,26/12/2023
2009,Chevrolet,Manual,21dd22426019,al,White,ABC Motors,94903,27/06/2022
2006,Nissan,Automatic,27db04417066,al,White,Best Auto,62265,12/08/2023
2009,Nissan,Manual,2e03d9650067,al,White,Best Auto,39216,20/11/2023
2009,Nissan,Automatic,2a433b503211,al,White,123 Cars,73965,19/05/2022
2000,Nissan,Manual,130a9c270455,al,White,123 Cars,48887,28/08/2022
2004,Nissan,Automatic,20d19a641905,al,White,XYZ Auto,65460,23/09/2023
2002,Nissan,Manual,31289289856,al,White,XYZ Auto,93215,17/09/2023
2004,Nissan,Automatic,3f9320555061,al,White,ABC Motors,14857,17/11/2023
2008,Nissan,Manual,3ce2f6880338,al,White,ABC Motors,93072,13/11/2023
2013,BMW,Automatic,149c44618953,al,White,Best Auto,40682,25/10/2023
2011,BMW,Manual,120d8c33777,al,White,Best Auto,60401,08/07/2022
2009,BMW,Automatic,35a353416556,al,White,123 Cars,25168,26/11/2023
2008,BMW,Manual,2f6660213055,al,White,123 Cars,55936,08/10/2023
2012,BMW,Automatic,169ca034283,al,White,XYZ Auto,90223,30/07/2022
2004,BMW,Manual,16a8ee795704,al,White,XYZ Auto,75599,17/11/2023
2003,BMW,Automatic,1aa706333732,al,White,ABC Motors,54013,01/10/2023
2006,BMW,Manual,34a692899509,al,White,ABC Motors,28272,18/05/2022
2004,Toyota,Automatic,33692c678904,al,Burgundy,Best Auto,67057,02/11/2023
2001,Toyota,Manual,38c463803885,al,Burgundy,Best Auto,78626,09/08/2022
2005,Toyota,Automatic,3a750d756634,al,Burgundy,123 Cars,67506,23/08/2023
2012,Toyota,Manual,35ae11692347,al,Burgundy,123 Cars,25550,28/05/2022
2011,Toyota,Automatic,29d476350569,al,Burgundy,XYZ Auto,63420,19/09/2022
2012,Toyota,Manual,390ff2849868,al,Burgundy,XYZ Auto,55018,04/10/2022
2013,Toyota,Automatic,1d75b3368015,al,Burgundy,ABC Motors,60213,16/06/2022
2009,Toyota,Manual,3053a2305464,al,Burgundy,ABC Motors,44809,20/10/2022
2000,Honda,Automatic,35f688132170,al,Burgundy,Best Auto,92165,21/09/2022
2002,Honda,Manual,1.51013E+11,al,Burgundy,Best Auto,63893,16/12/2023
2011,Honda,Automatic,1ed21d768078,al,Burgundy,123 Cars,45659,03/09/2022
2009,Honda,Manual,1.04292E+11,al,Burgundy,123 Cars,91828,15/09/2022
2001,Honda,Automatic,3b3aaa29541,al,Burgundy,XYZ Auto,80520,23/06/2022
2011,Honda,Manual,38987054329,al,Burgundy,XYZ Auto,82714,19/09/2023
2012,Honda,Automatic,36977b957216,al,Burgundy,ABC Motors,35635,29/10/2023
2007,Honda,Manual,3cc43a691787,al,Burgundy,ABC Motors,82824,29/03/2022
2013,Ford,Automatic,267a8a782594,al,Burgundy,Best Auto,35143,25/12/2023
2000,Ford,Manual,230d21222261,al,Burgundy,Best Auto,50051,12/11/2023
2007,Ford,Automatic,26d1e0664956,al,Burgundy,123 Cars,55399,04/09/2023
2007,Ford,Manual,18e3c5801583,al,Burgundy,123 Cars,91463,23/08/2023
2001,Ford,Automatic,3.79095E+11,al,Burgundy,XYZ Auto,55176,27/09/2022
2003,Ford,Manual,3d4fa4373205,al,Burgundy,XYZ Auto,48826,17/08/2022
2000,Ford,Automatic,31d80b78394,al,Burgundy,ABC Motors,40429,12/09/2022
2006,Ford,Manual,1367a5942581,al,Burgundy,ABC Motors,88755,23/09/2022
2007,Chevrolet,Automatic,1810d8258093,al,Burgundy,Best Auto,58014,12/11/2023
2012,Chevrolet,Manual,394d6f640682,al,Burgundy,Best Auto,33520,14/10/2023
2005,Chevrolet,Automatic,1d4da4289976,al,Burgundy,123 Cars,84305,18/08/2023
2003,Chevrolet,Manual,3d8c3b29650,al,Burgundy,123 Cars,33924,22/09/2022
2003,Chevrolet,Automatic,2452c1270606,al,Burgundy,XYZ Auto,51823,17/10/2023
2007,Chevrolet,Manual,1c4e12939226,al,Burgundy,XYZ Auto,85319,21/05/2022
2005,Chevrolet,Automatic,1f900f601504,al,Burgundy,ABC Motors,51901,20/12/2023
2007,Chevrolet,Manual,157d2c987042,al,Burgundy,ABC Motors,41253,18/07/2022
2010,Nissan,Automatic,3a55fd721598,al,Burgundy,Best Auto,16637,04/06/2022
2002,Nissan,Manual,39d270506148,al,Burgundy,Best Auto,45092,09/05/2022
2006,Nissan,Automatic,3fda1d221143,al,Burgundy,123 Cars,27872,11/11/2023
2004,Nissan,Manual,1d9716192772,al,Burgundy,123 Cars,23982,14/08/2023
2002,Nissan,Automatic,279b85600911,al,Burgundy,XYZ Auto,90706,03/11/2023
2009,Nissan,Manual,37153a500424,al,Burgundy,XYZ Auto,92458,04/03/2022
2001,Nissan,Automatic,20be6d104877,al,Burgundy,ABC Motors,54226,17/11/2023
2001,Nissan,Manual,167b1b90887,al,Burgundy,ABC Motors,25508,13/09/2023
2008,BMW,Automatic,25e6cb573493,al,Burgundy,Best Auto,77833,12/08/2023
2000,BMW,Manual,3002a7818026,al,Burgundy,Best Auto,85338,23/09/2022
2010,BMW,Automatic,189d7c229441,al,Burgundy,123 Cars,59299,24/10/2022
2000,BMW,Manual,2.24573E+11,al,Burgundy,123 Cars,59164,08/08/2023
2011,BMW,Automatic,17c57a276311,al,Burgundy,XYZ Auto,66619,15/05/2022
2004,BMW,Manual,32c809551040,al,Burgundy,XYZ Auto,25554,14/10/2023
2002,BMW,Automatic,279d59640797,al,Burgundy,ABC Motors,14819,30/09/2023
2004,BMW,Manual,266e0d273984,al,Burgundy,ABC Motors,98790,05/03/2022
2001,Toyota,Automatic,25fdd8413017,al,Gold,Best Auto,23276,21/07/2022
2006,Toyota,Manual,1a8c2f623316,al,Gold,Best Auto,86726,18/10/2023
2005,Toyota,Automatic,2c75cc28429,al,Gold,123 Cars,63597,26/12/2023
2012,Toyota,Manual,3099a2467039,al,Gold,123 Cars,31582,13/11/2023
2011,Toyota,Automatic,16b703974975,al,Gold,XYZ Auto,10322,01/06/2022
2001,Toyota,Manual,2b5f4e598111,al,Gold,XYZ Auto,11266,20/09/2023
2003,Toyota,Automatic,2414da294975,al,Gold,ABC Motors,90058,21/11/2023
2007,Toyota,Manual,13c7d4747590,al,Gold,ABC Motors,66570,13/10/2022
2012,Honda,Automatic,2e2a5017007,al,Gold,Best Auto,97199,23/09/2022
2011,Honda,Manual,138ba5421079,al,Gold,Best Auto,41019,23/06/2022
2006,Honda,Automatic,1.42963E+11,al,Gold,123 Cars,94678,14/04/2022
2011,Honda,Manual,15dbea451635,al,Gold,123 Cars,12376,12/11/2023
2010,Honda,Automatic,396e2584800,al,Gold,XYZ Auto,38936,21/05/2022
2004,Honda,Manual,3b4e27332602,al,Gold,XYZ Auto,83887,02/10/2023
2001,Honda,Automatic,176eaf982812,al,Gold,ABC Motors,81500,05/11/2023
2000,Honda,Manual,3d5fa7825692,al,Gold,ABC Motors,37813,06/06/2022
2000,Ford,Automatic,26953973664,al,Gold,Best Auto,80197,26/05/2022
2009,Ford,Manual,13d8b811363,al,Gold,Best Auto,41709,22/08/2023
2010,Ford,Automatic,2673f8861054,al,Gold,123 Cars,22915,15/09/2023
2001,Ford,Manual,1c50cd293861,al,Gold,123 Cars,15272,08/10/2023
2005,Ford,Automatic,38e675208963,al,Gold,XYZ Auto,58051,02/10/2022
2000,Ford,Manual,204f17812531,al,Gold,XYZ Auto,34706,30/09/2023
2013,Ford,Automatic,31bd47705236,al,Gold,ABC Motors,25353,26/08/2022
2010,Ford,Manual,136d70779454,al,Gold,ABC Motors,92402,28/10/2023
2003,Chevrolet,Automatic,2.37895E+11,al,Gold,Best Auto,10806,04/09/2022
2001,Chevrolet,Manual,2afaf2675103,al,Gold,Best Auto,75740,16/09/2022
2008,Chevrolet,Automatic,3f1d61345797,al,Gold,123 Cars,30146,03/10/2023
2001,Chevrolet,Manual,3eb802570,al,Gold,123 Cars,70728,24/11/2023
2005,Chevrolet,Automatic,319faf812134,al,Gold,XYZ Auto,88166,11/08/2022
2012,Chevrolet,Manual,332a3e760176,al,Gold,XYZ Auto,17165,04/08/2023
2001,Chevrolet,Automatic,26c61d911400,al,Gold,ABC Motors,44403,07/10/2022
2002,Chevrolet,Manual,3dc38d592527,al,Gold,ABC Motors,52993,13/11/2023
2008,Nissan,Automatic,2e3f41508126,al,Gold,Best Auto,74544,03/08/2023
2000,Nissan,Manual,1aa37d501827,al,Gold,Best Auto,75518,21/08/2023
2001,Nissan,Automatic,29318f720438,al,Gold,123 Cars,54236,29/09/2023
2004,Nissan,Manual,100bfd702898,al,Gold,123 Cars,17269,27/08/2023
2004,Nissan,Automatic,1c70b9709210,al,Gold,XYZ Auto,73024,06/12/2023
2005,Nissan,Manual,34d73f280970,al,Gold,XYZ Auto,32922,01/09/2023
2006,Nissan,Automatic,265b1d93937,al,Gold,ABC Motors,56222,05/07/2022
2004,Nissan,Manual,32a51e282169,al,Gold,ABC Motors,67607,28/08/2022
2004,BMW,Automatic,33e10e373314,al,Gold,Best Auto,38269,24/05/2022
2006,BMW,Manual,16350d71952,al,Gold,Best Auto,78198,12/10/2023
2008,BMW,Automatic,262b76415061,al,Gold,123 Cars,42572,14/11/2023
2007,BMW,Manual,30f831731720,al,Gold,123 Cars,72487,06/12/2023
2003,BMW,Automatic,13e3e3428141,al,Gold,XYZ Auto,23141,18/08/2022
2006,BMW,Manual,369da0700778,al,Gold,XYZ Auto,69486,16/12/2023
2002,BMW,Automatic,15dd2a609793,al,Gold,ABC Motors,48717,02/09/2023
2004,BMW,Manual,1bb9e7156645,al,Gold,ABC Motors,92632,27/12/2023
2001,Toyota,Automatic,31c58c872295,al,Black,Best Auto,73853,15/10/2023
2013,Toyota,Manual,2c8e43571323,al,Black,Best Auto,43351,13/08/2022
2001,Toyota,Automatic,2.38466E+11,al,Black,123 Cars,26580,23/10/2023
2010,Toyota,Manual,198c74941364,al,Black,123 Cars,71670,02/09/2022
2008,Toyota,Automatic,3ab5bc966204,al,Black,XYZ Auto,94008,26/09/2022
2010,Toyota,Manual,1a1ce9399702,al,Black,XYZ Auto,35457,25/09/2023
2003,Toyota,Automatic,1cd47b773154,al,Black,ABC Motors,45345,03/10/2023
2009,Toyota,Manual,1d5b45275176,al,Black,ABC Motors,58066,25/07/2022
2011,Honda,Automatic,265ed59255,al,Black,Best Auto,38919,30/10/2023
2008,Honda,Manual,36eee5784395,al,Black,Best Auto,25906,12/06/2022
2007,Honda,Automatic,1f56a0734026,al,Black,123 Cars,64854,21/08/2023
2011,Honda,Manual,27a46280883,al,Black,123 Cars,13517,19/10/2023
2013,Honda,Automatic,28a1b3934450,al,Black,XYZ Auto,59286,27/08/2022
2013,Honda,Manual,1b2bf6659156,al,Black,XYZ Auto,32014,22/10/2023
2003,Honda,Automatic,2ff21e184678,al,Black,ABC Motors,75104,19/12/2023
2000,Honda,Manual,146a59226047,al,Black,ABC Motors,58183,16/08/2022
2013,Ford,Automatic,2.83743E+11,al,Black,Best Auto,90394,27/12/2023
2011,Ford,Manual,2f108e493306,al,Black,Best Auto,52071,01/11/2023
2012,Ford,Automatic,30978d596568,al,Black,123 Cars,48968,04/09/2022
2005,Ford,Manual,248e6064369,al,Black,123 Cars,14032,24/10/2023
2000,Ford,Automatic,1d248e978845,al,Black,XYZ Auto,88366,09/12/2023
2005,Ford,Manual,2e6a14155312,al,Black,XYZ Auto,48837,31/08/2023
2009,Ford,Automatic,1d5951227112,al,Black,ABC Motors,91413,29/08/2023
2011,Ford,Manual,2.64754E+11,al,Black,ABC Motors,46991,18/11/2023
2004,Chevrolet,Automatic,189f4a804927,al,Black,Best Auto,47822,26/12/2023
2009,Chevrolet,Manual,1ded70477497,al,Black,Best Auto,99296,16/12/2023
2007,Chevrolet,Automatic,2884ca711187,al,Black,123 Cars,39851,27/09/2023
2007,Chevrolet,Manual,2d9596969929,al,Black,123 Cars,22159,06/04/2022
2010,Chevrolet,Automatic,2fd211827255,al,Black,XYZ Auto,71015,17/04/2022
2012,Chevrolet,Manual,27f622509674,al,Black,XYZ Auto,21883,02/06/2022
2001,Chevrolet,Automatic,1a8cdd747019,al,Black,ABC Motors,11738,08/12/2023
2011,Chevrolet,Manual,107ced2194,al,Black,ABC Motors,47262,07/10/2023
2000,Nissan,Automatic,1e568a711047,al,Black,Best Auto,99320,29/08/2022
2011,Nissan,Manual,1372dd261280,al,Black,Best Auto,32240,20/07/2022
2006,Nissan,Automatic,2d2b53603974,al,Black,123 Cars,39377,17/10/2023
2011,Nissan,Manual,14c6f7371967,al,Black,123 Cars,47605,29/12/2023
2013,Nissan,Automatic,26e0d6885816,al,Black,XYZ Auto,99483,19/08/2023
2004,Nissan,Manual,2a7418190924,al,Black,XYZ Auto,98630,07/07/2022
2004,Nissan,Automatic,3ecffe360171,al,Black,ABC Motors,94831,27/10/2023
2008,Nissan,Manual,2.92446E+11,al,Black,ABC Motors,97981,09/09/2022
2004,BMW,Automatic,21f76489768,al,Black,Best Auto,88189,17/05/2022
2001,BMW,Manual,36eafc740216,al,Black,Best Auto,88991,09/06/2022
2002,BMW,Automatic,1b07475530,al,Black,123 Cars,50898,15/05/2022
2003,BMW,Manual,3e27fd284328,al,Black,123 Cars,10456,05/08/2023
2002,BMW,Automatic,37b19a41239,al,Black,XYZ Auto,15168,28/08/2022
2002,BMW,Manual,2e6639735823,al,Black,XYZ Auto,52916,18/04/2022
2002,BMW,Automatic,2d67ef318374,al,Black,ABC Motors,44665,16/05/2022
2013,BMW,Manual,3be178797516,al,Black,ABC Motors,32723,23/09/2023
2012,Toyota,Automatic,2ad42b971319,al,Green,Best Auto,82776,03/09/2022
2001,Toyota,Manual,1.03078E+11,al,Green,Best Auto,42520,19/11/2023
2001,Toyota,Automatic,28e31a478913,al,Green,123 Cars,53207,27/08/2023
2013,Toyota,Manual,2a0a32860156,al,Green,123 Cars,37396,24/09/2022
2013,Toyota,Automatic,30a82d355103,al,Green,XYZ Auto,39919,10/05/2022
2008,Toyota,Manual,38c438759921,al,Green,XYZ Auto,43045,04/08/2023
2007,Toyota,Automatic,3b7d08593359,al,Green,ABC Motors,80999,14/09/2022
2002,Toyota,Manual,21b60c543760,al,Green,ABC Motors,43631,06/11/2023
2003,Honda,Automatic,14c5c3860938,al,Green,Best Auto,52495,03/08/2023
2010,Honda,Manual,21683b750900,al,Green,Best Auto,68616,08/11/2023
2000,Honda,Automatic,181c8b370430,al,Green,123 Cars,92186,11/05/2022
2006,Honda,Manual,2a9e3d915645,al,Green,123 Cars,70188,19/11/2023
2008,Honda,Automatic,3beb15562831,al,Green,XYZ Auto,56448,17/03/2022
2012,Honda,Manual,39b89e674414,al,Green,XYZ Auto,75399,19/10/2022
2008,Honda,Automatic,3774f0993639,al,Green,ABC Motors,46511,24/05/2022
2000,Honda,Manual,105a61735746,al,Green,ABC Motors,82057,06/06/2022
2011,Ford,Automatic,2eaf13771624,al,Green,Best Auto,41967,10/11/2023
2006,Ford,Manual,1e12e1360393,al,Green,Best Auto,41860,27/11/2023
2009,Ford,Automatic,2851d075926,al,Green,123 Cars,86150,30/08/2022
2000,Ford,Manual,2.31315E+11,al,Green,123 Cars,97996,29/10/2023
2008,Ford,Automatic,1644aa141413,al,Green,XYZ Auto,59871,03/09/2022
2004,Ford,Manual,151c17333842,al,Green,XYZ Auto,76939,05/08/2022
2010,Ford,Automatic,22540453502,al,Green,ABC Motors,45657,16/11/2023
2011,Ford,Manual,3f148d792116,al,Green,ABC Motors,67680,09/08/2023
2011,Chevrolet,Automatic,16fbb7370152,al,Green,Best Auto,13297,10/11/2023
2001,Chevrolet,Manual,1.91351E+11,al,Green,Best Auto,37106,29/04/2022
2000,Chevrolet,Automatic,19a151413355,al,Green,123 Cars,40000,29/10/2023
2005,Chevrolet,Manual,16123a528231,al,Green,123 Cars,53623,10/10/2022
2011,Chevrolet,Automatic,3a83e6695763,al,Green,XYZ Auto,93659,02/10/2022
2007,Chevrolet,Manual,1a23f1890821,al,Green,XYZ Auto,36576,28/09/2023
2011,Chevrolet,Automatic,1cb98c891195,al,Green,ABC Motors,71181,08/10/2023
2010,Chevrolet,Manual,24292544194,al,Green,ABC Motors,94328,21/04/2022
2007,Nissan,Automatic,3d3349626806,al,Green,Best Auto,86234,21/09/2022
2004,Nissan,Manual,10a990799624,al,Green,Best Auto,72940,25/10/2023
2001,Nissan,Automatic,2.38601E+11,al,Green,123 Cars,71262,07/09/2023
2000,Nissan,Manual,3.9034E+11,al,Green,123 Cars,17476,18/11/2023
2010,Nissan,Automatic,22dc1381052,al,Green,XYZ Auto,20820,24/09/2023
2005,Nissan,Manual,254f1173710,al,Green,XYZ Auto,23650,02/06/2022
2007,Nissan,Automatic,1f6eeb26820,al,Green,ABC Motors,55174,19/06/2022
2006,Nissan,Manual,27a485648770,al,Green,ABC Motors,55180,04/07/2022
2007,BMW,Automatic,11d0fb418657,al,Green,Best Auto,53170,08/08/2023
2001,BMW,Manual,102ea8868034,al,Green,Best Auto,57532,26/12/2023
2000,BMW,Automatic,29d028617613,al,Green,123 Cars,49623,15/12/2023
2004,BMW,Manual,2c34d746792,al,Green,123 Cars,14241,14/09/2023
2001,BMW,Automatic,2d2384939387,al,Green,XYZ Auto,57740,05/10/2023
2011,BMW,Manual,2d8902225968,al,Green,XYZ Auto,95695,27/07/2022
2001,BMW,Automatic,29136532138,al,Green,ABC Motors,58334,17/08/2022
2008,BMW,Manual,1af2e6493434,al,Green,ABC Motors,79456,17/06/2022
2005,Toyota,Automatic,2a50fb6789,al,Blue,Best Auto,81306,20/04/2022
2013,Toyota,Manual,16fabd109721,al,Blue,Best Auto,18243,03/07/2022
2001,Toyota,Automatic,2afb8f189099,al,Blue,123 Cars,61085,16/10/2023
2003,Toyota,Manual,2daf82259043,al,Blue,123 Cars,97132,30/07/2022
2000,Toyota,Automatic,2e6199137368,al,Blue,XYZ Auto,15461,20/05/2022
2012,Toyota,Manual,1.39667E+11,al,Blue,XYZ Auto,33388,22/09/2023
2003,Toyota,Automatic,23a111935831,al,Blue,ABC Motors,59932,07/10/2023
2013,Toyota,Manual,14d03c201404,al,Blue,ABC Motors,26518,14/09/2023
2004,Honda,Automatic,1f8b99665112,al,Blue,Best Auto,90683,24/10/2023
2006,Honda,Manual,3f460499995,al,Blue,Best Auto,72795,24/09/2022
2002,Honda,Automatic,3.98982E+11,al,Blue,123 Cars,37086,26/11/2023
2012,Honda,Manual,2a8b2e949790,al,Blue,123 Cars,43240,07/05/2022
2013,Honda,Automatic,3ae015366109,al,Blue,XYZ Auto,66675,19/09/2023
2000,Honda,Manual,2.65086E+11,al,Blue,XYZ Auto,17508,08/11/2023
2010,Honda,Automatic,25c40f545899,al,Blue,ABC Motors,13330,25/06/2022
2007,Honda,Manual,245cb5552754,al,Blue,ABC Motors,37549,23/11/2023
2012,Ford,Automatic,2.66929E+11,al,Blue,Best Auto,55235,06/08/2022
2007,Ford,Manual,1332c0745980,al,Blue,Best Auto,97532,04/11/2023
2008,Ford,Automatic,1813da177271,al,Blue,123 Cars,46687,14/07/2022
2007,Ford,Manual,145da7202015,al,Blue,123 Cars,93942,25/08/2022
2000,Ford,Automatic,2.59375E+11,al,Blue,XYZ Auto,69446,28/08/2022
2008,Ford,Manual,1eb0a5906448,al,Blue,XYZ Auto,65171,20/04/2022
2004,Ford,Automatic,3fc1e1382329,al,Blue,ABC Motors,71313,12/07/2022
2003,Ford,Manual,1cc860669477,al,Blue,ABC Motors,90181,10/09/2023
2006,Chevrolet,Automatic,24071c573693,al,Blue,Best Auto,56874,24/11/2023
2012,Chevrolet,Manual,3e1ed1514794,al,Blue,Best Auto,75714,01/04/2022
2001,Chevrolet,Automatic,2bcb20914633,al,Blue,123 Cars,46893,08/05/2022
2004,Chevrolet,Manual,18d4c6990015,al,Blue,123 Cars,29622,21/06/2022
2001,Chevrolet,Automatic,35e78617150,al,Blue,XYZ Auto,97494,17/08/2022
2011,Chevrolet,Manual,1578eb722483,al,Blue,XYZ Auto,95028,08/10/2022
2007,Chevrolet,Automatic,3da0db496404,al,Blue,ABC Motors,35109,27/08/2023
2012,Chevrolet,Manual,3fbd9e633027,al,Blue,ABC Motors,94610,30/08/2023
2011,Nissan,Automatic,1c32e489457,al,Blue,Best Auto,87154,03/05/2022
2000,Nissan,Manual,2c3509124863,al,Blue,Best Auto,11545,26/04/2022
2009,Nissan,Automatic,2.29247E+11,al,Blue,123 Cars,10886,24/12/2023
2010,Nissan,Manual,3b767d765929,al,Blue,123 Cars,41706,28/12/2023
2006,Nissan,Automatic,1.9389E+11,al,Blue,XYZ Auto,31367,31/12/2023
2011,Nissan,Manual,18a28b875647,al,Blue,XYZ Auto,62019,10/05/2022
2003,Nissan,Automatic,277fd6839156,al,Blue,ABC Motors,86167,23/07/2022
2009,Nissan,Manual,113d6d973362,al,Blue,ABC Motors,84422,30/06/2022
2003,BMW,Automatic,2.27818E+11,al,Blue,Best Auto,12938,27/05/2022
2010,BMW,Manual,346bbd829570,al,Blue,Best Auto,29563,17/05/2022
2008,BMW,Automatic,23d5d8475655,al,Blue,123 Cars,71519,11/09/2022
2013,BMW,Manual,379ebc5839,al,Blue,123 Cars,46020,30/10/2023
2013,BMW,Automatic,3df5e028536,al,Blue,XYZ Auto,31082,21/06/2022
2001,BMW,Manual,330a47673006,al,Blue,XYZ Auto,33007,22/10/2022
2003,BMW,Automatic,29fa18750279,al,Blue,ABC Motors,23412,18/09/2022
2006,BMW,Manual,17de2c121526,al,Blue,ABC Motors,72179,25/10/2023
2001,Toyota,Automatic,2.57818E+11,al,Red,Best Auto,84705,04/07/2022
2004,Toyota,Manual,10b1ea434344,al,Red,Best Auto,50180,23/06/2022
2013,Toyota,Automatic,139cfe809185,al,Red,123 Cars,82753,15/10/2023
2008,Toyota,Manual,23024c3303,al,Red,123 Cars,86617,11/12/2023
2003,Toyota,Automatic,3fad78240176,al,Red,XYZ Auto,31104,28/12/2023
2006,Toyota,Manual,2.64576E+11,al,Red,XYZ Auto,10931,29/11/2023
2009,Toyota,Automatic,2b1b01944682,al,Red,ABC Motors,36087,20/08/2023
2008,Toyota,Manual,1a86e6316966,al,Red,ABC Motors,12047,24/09/2023
2002,Honda,Automatic,3e8483968368,al,Red,Best Auto,20629,13/08/2022
2009,Honda,Manual,1120ea320861,al,Red,Best Auto,71262,02/12/2023
2006,Honda,Automatic,12276e956647,al,Red,123 Cars,38547,07/11/2023
2010,Honda,Manual,219ac786216,al,Red,123 Cars,50330,25/12/2023
2013,Honda,Automatic,211b85704575,al,Red,XYZ Auto,89461,14/06/2022
2004,Honda,Manual,33b17d298269,al,Red,XYZ Auto,43611,13/04/2022
2013,Honda,Automatic,3fca06736118,al,Red,ABC Motors,37305,30/10/2022
2004,Honda,Manual,22e132295351,al,Red,ABC Motors,78423,03/10/2023
2012,Ford,Automatic,1fbcd3766487,al,Red,Best Auto,67707,08/10/2022
2012,Ford,Manual,200a31798682,al,Red,Best Auto,11633,20/05/2022
2009,Ford,Automatic,2733e2800791,al,Red,123 Cars,97209,25/09/2023
2006,Ford,Manual,16b54a87522,al,Red,123 Cars,85136,28/11/2023
2012,Ford,Automatic,1e8b87503695,al,Red,XYZ Auto,92791,22/10/2023
2001,Ford,Manual,3033c1682461,al,Red,XYZ Auto,97742,14/09/2023
2011,Ford,Automatic,12bcae232957,al,Red,ABC Motors,50086,07/08/2022
2007,Ford,Manual,1548f8774112,al,Red,ABC Motors,15243,06/12/2023
2013,Chevrolet,Automatic,3d797c207183,al,Red,Best Auto,73492,11/10/2023
2012,Chevrolet,Manual,26b5d2486932,al,Red,Best Auto,46012,08/06/2022
2007,Chevrolet,Automatic,2cc585879720,al,Red,123 Cars,79532,19/12/2023
2003,Chevrolet,Manual,3d7741262509,al,Red,123 Cars,38220,26/10/2023
2010,Chevrolet,Automatic,3adb6d429689,al,Red,XYZ Auto,78537,01/07/2022
2007,Chevrolet,Manual,1c89822008,al,Red,XYZ Auto,14867,22/04/2022
2003,Chevrolet,Automatic,1da0e0547662,al,Red,ABC Motors,75002,11/04/2022
2013,Chevrolet,Manual,3a9871313501,al,Red,ABC Motors,24893,08/04/2022
2012,Nissan,Automatic,397b47333119,al,Red,Best Auto,61956,18/05/2022
2012,Nissan,Manual,39aa92170561,al,Red,Best Auto,35578,13/12/2023
2012,Nissan,Automatic,3c89ed629844,al,Red,123 Cars,92976,22/11/2023
2010,Nissan,Manual,3.16197E+11,al,Red,123 Cars,83873,01/09/2023
2005,Nissan,Automatic,293e9a199256,al,Red,XYZ Auto,69694,04/09/2023
2010,Nissan,Manual,2360c9487229,al,Red,XYZ Auto,87260,03/07/2022
2011,Nissan,Automatic,29fc4e243814,al,Red,ABC Motors,13018,11/09/2023
2006,Nissan,Manual,1c6de1229889,al,Red,ABC Motors,87977,29/08/2023
2008,BMW,Automatic,2fc9bc840412,al,Red,Best Auto,81574,21/08/2023
2006,BMW,Manual,3b3f97744768,al,Red,Best Auto,52815,13/10/2022
2002,BMW,Automatic,132f2d313483,al,Red,123 Cars,50434,10/05/2022
2004,BMW,Manual,1190b0409078,al,Red,123 Cars,16557,06/09/2023
2001,BMW,Automatic,22ff50213900,al,Red,XYZ Auto,37079,12/12/2023
2012,BMW,Manual,222ab296848,al,Red,XYZ Auto,17806,08/10/2023
2002,BMW,Automatic,2.83182E+11,al,Red,ABC Motors,84488,25/08/2022
2007,BMW,Manual,133f92285854,al,Red,ABC Motors,72409,01/04/2022
2008,Toyota,Automatic,3.06113E+11,az,Silver,Best Auto,71959,07/11/2022
2000,Toyota,Manual,33a6ee755353,az,Silver,Best Auto,93537,26/09/2022
2005,Toyota,Automatic,1c6e36349494,az,Silver,123 Cars,79879,22/10/2022
2011,Toyota,Manual,3ebcbf954149,az,Silver,123 Cars,71917,10/11/2023
2008,Toyota,Automatic,3.74259E+11,az,Silver,XYZ Auto,16356,24/12/2023
2000,Toyota,Manual,373f25460065,az,Silver,XYZ Auto,10422,02/05/2022
2009,Toyota,Automatic,1976a1799944,az,Silver,ABC Motors,78019,01/09/2023
2005,Toyota,Manual,2.15897E+11,az,Silver,ABC Motors,64839,27/10/2023
2009,Honda,Automatic,2e5de3299165,az,Silver,Best Auto,18530,07/04/2022
2008,Honda,Manual,2fde0c502648,az,Silver,Best Auto,76227,06/07/2022
2002,Honda,Automatic,24d2d3708936,az,Silver,123 Cars,41596,20/09/2023
2008,Honda,Manual,1c148d538357,az,Silver,123 Cars,10712,30/08/2023
2005,Honda,Automatic,1c3265805120,az,Silver,XYZ Auto,42829,26/08/2022
2005,Honda,Manual,314a61732524,az,Silver,XYZ Auto,20474,23/06/2022
2005,Honda,Automatic,23ae43829283,az,Silver,ABC Motors,11658,06/09/2023
2008,Honda,Manual,3.04026E+11,az,Silver,ABC Motors,90715,21/10/2022
2012,Ford,Automatic,3aa464666104,az,Silver,Best Auto,41067,14/04/2022
2010,Ford,Manual,2f0035344890,az,Silver,Best Auto,30936,27/07/2022
2001,Ford,Automatic,388c29850084,az,Silver,123 Cars,31639,22/11/2022
2009,Ford,Manual,2bce8966150,az,Silver,123 Cars,20970,13/09/2023
2005,Ford,Automatic,36addd873,az,Silver,XYZ Auto,42669,15/11/2023
2011,Ford,Manual,3d9e4b214455,az,Silver,XYZ Auto,81347,23/11/2023
2004,Ford,Automatic,1daeeb109367,az,Silver,ABC Motors,17124,19/10/2022
2000,Ford,Manual,16f3f8205047,az,Silver,ABC Motors,20850,13/05/2022
2013,Chevrolet,Automatic,25996f869111,az,Silver,Best Auto,62770,16/09/2023
2004,Chevrolet,Manual,32d337112938,az,Silver,Best Auto,58978,20/10/2022
2005,Chevrolet,Automatic,116c23390545,az,Silver,123 Cars,29566,05/06/2022
2012,Chevrolet,Manual,3470a5610932,az,Silver,123 Cars,48143,11/09/2023
2004,Chevrolet,Automatic,1ed9a9223506,az,Silver,XYZ Auto,36607,08/10/2023
2011,Chevrolet,Manual,11c383215402,az,Silver,XYZ Auto,16776,12/08/2023
2010,Chevrolet,Automatic,262a41407189,az,Silver,ABC Motors,30313,13/06/2022
2012,Chevrolet,Manual,32a431262273,az,Silver,ABC Motors,64936,14/12/2023
2003,Nissan,Automatic,2a1edd905801,az,Silver,Best Auto,54555,25/08/2022
2010,Nissan,Manual,1.5718E+11,az,Silver,Best Auto,89137,20/04/2022
2005,Nissan,Automatic,287ad9209565,az,Silver,123 Cars,69201,30/10/2023
2009,Nissan,Manual,11be62307442,az,Silver,123 Cars,60650,22/09/2023
2012,Nissan,Automatic,3b4703553750,az,Silver,XYZ Auto,32641,10/09/2023
2008,Nissan,Manual,1f50fa72759,az,Silver,XYZ Auto,37835,22/12/2023
2004,Nissan,Automatic,3426ca759023,az,Silver,ABC Motors,15105,24/06/2022
2000,Nissan,Manual,36f9b9878847,az,Silver,ABC Motors,56283,15/08/2023
2013,BMW,Automatic,1acaa2857120,az,Silver,Best Auto,76229,03/09/2023
2001,BMW,Manual,10b016692798,az,Silver,Best Auto,50499,19/09/2023
2002,BMW,Automatic,2a98c2597515,az,Silver,123 Cars,92360,23/08/2023
2010,BMW,Manual,1.4848E+11,az,Silver,123 Cars,48487,17/10/2022
2002,BMW,Automatic,2a3a83258461,az,Silver,XYZ Auto,45121,04/10/2023
2002,BMW,Manual,368b7d945242,az,Silver,XYZ Auto,71575,25/10/2023
2008,BMW,Automatic,33726d427175,az,Silver,ABC Motors,37756,18/11/2022
2003,BMW,Manual,28b1e7390541,az,Silver,ABC Motors,67554,31/08/2023
2000,Toyota,Automatic,18906a244983,az,White,Best Auto,36905,07/11/2023
2010,Toyota,Manual,336a8b448557,az,White,Best Auto,59496,23/09/2023
2005,Toyota,Automatic,299c2090905,az,White,123 Cars,57970,18/12/2023
2005,Toyota,Manual,21fa0f86602,az,White,123 Cars,57603,25/04/2022
2005,Toyota,Automatic,24115a648835,az,White,XYZ Auto,68292,24/10/2022
2004,Toyota,Manual,272bb8987667,az,White,XYZ Auto,83415,01/10/2023
2001,Toyota,Automatic,1ecfef142727,az,White,ABC Motors,81340,15/10/2022
2007,Toyota,Manual,18d052520271,az,White,ABC Motors,95819,26/12/2023
2002,Honda,Automatic,15332e718164,az,White,Best Auto,86257,26/10/2022
2001,Honda,Manual,34546b866684,az,White,Best Auto,14588,15/10/2022
2009,Honda,Automatic,16f301845970,az,White,123 Cars,37353,29/11/2023
2013,Honda,Manual,38b0de202674,az,White,123 Cars,90788,24/08/2022
2012,Honda,Automatic,3ad3fc374319,az,White,XYZ Auto,25525,02/11/2022
2010,Honda,Manual,18db20871689,az,White,XYZ Auto,37993,14/09/2023
2013,Honda,Automatic,3ef7f6782539,az,White,ABC Motors,87556,11/11/2022
2013,Honda,Manual,1c2131425108,az,White,ABC Motors,52697,18/10/2022
2001,Ford,Automatic,1b3833877865,az,White,Best Auto,41850,18/11/2022
2001,Ford,Manual,2.28585E+11,az,White,Best Auto,73738,11/10/2023
2012,Ford,Automatic,15ec51907783,az,White,123 Cars,63923,21/06/2022
2003,Ford,Manual,28fd97333560,az,White,123 Cars,68638,07/08/2023
2003,Ford,Automatic,131da9410796,az,White,XYZ Auto,47176,01/10/2023
2011,Ford,Manual,3cf32a868945,az,White,XYZ Auto,96154,11/09/2023
2002,Ford,Automatic,1f3b49871012,az,White,ABC Motors,62774,18/10/2023
2004,Ford,Manual,3.57113E+11,az,White,ABC Motors,36434,12/09/2023
2009,Chevrolet,Automatic,24e865917400,az,White,Best Auto,76719,16/11/2023
2013,Chevrolet,Manual,27bea0742049,az,White,Best Auto,17058,01/10/2022
2002,Chevrolet,Automatic,2204de594643,az,White,123 Cars,59127,10/04/2022
2013,Chevrolet,Manual,1e0ca1781887,az,White,123 Cars,17178,11/08/2023
2000,Chevrolet,Automatic,1c416c785737,az,White,XYZ Auto,10858,21/12/2023
2009,Chevrolet,Manual,2a2c26964249,az,White,XYZ Auto,71206,20/04/2022
2007,Chevrolet,Automatic,2f7502333623,az,White,ABC Motors,79506,24/09/2023
2012,Chevrolet,Manual,3d4fb1782695,az,White,ABC Motors,88222,15/12/2023
2013,Nissan,Automatic,2b1fe5405201,az,White,Best Auto,36837,30/08/2022
2003,Nissan,Manual,289cc5477762,az,White,Best Auto,67080,16/07/2022
2010,Nissan,Automatic,3.528E+11,az,White,123 Cars,11926,16/04/2022
2005,Nissan,Manual,3df570575751,az,White,123 Cars,50499,17/10/2022
2007,Nissan,Automatic,10e2f7956424,az,White,XYZ Auto,58059,16/08/2023
2011,Nissan,Manual,2e956a819213,az,White,XYZ Auto,35394,12/10/2023
2013,Nissan,Automatic,3ed76c928623,az,White,ABC Motors,48796,24/04/2022
2005,Nissan,Manual,2b4fcf650430,az,White,ABC Motors,33788,01/10/2022
2005,BMW,Automatic,1f0e68730035,az,White,Best Auto,19639,29/09/2023
2004,BMW,Manual,2f7cd2747528,az,White,Best Auto,78271,03/08/2022
2007,BMW,Automatic,2dd90f206636,az,White,123 Cars,86804,16/08/2022
2009,BMW,Manual,3.4341E+11,az,White,123 Cars,46070,26/12/2023
2008,BMW,Automatic,309bbe63254,az,White,XYZ Auto,80492,24/07/2022
2010,BMW,Manual,1b0329317443,az,White,XYZ Auto,89951,17/07/2022
2006,BMW,Automatic,33d7e9857711,az,White,ABC Motors,97015,24/11/2023
2003,BMW,Manual,26dc90986302,az,White,ABC Motors,29027,29/09/2022
2001,Toyota,Automatic,3777f6371628,az,Burgundy,Best Auto,90405,28/09/2023
2004,Toyota,Manual,17168a479961,az,Burgundy,Best Auto,43101,26/07/2022
2005,Toyota,Automatic,3716b5638329,az,Burgundy,123 Cars,46271,30/10/2022
2001,Toyota,Manual,17116f905848,az,Burgundy,123 Cars,15540,07/04/2022
2008,Toyota,Automatic,3d01f212841,az,Burgundy,XYZ Auto,88883,31/07/2022
2004,Toyota,Manual,10f7b1819797,az,Burgundy,XYZ Auto,86076,26/07/2022
2010,Toyota,Automatic,17174080646,az,Burgundy,ABC Motors,83437,03/06/2022
2011,Toyota,Manual,3.45492E+11,az,Burgundy,ABC Motors,22218,06/09/2022
2006,Honda,Automatic,3bd30a697765,az,Burgundy,Best Auto,96580,07/10/2023
2010,Honda,Manual,3f831e593742,az,Burgundy,Best Auto,96134,31/08/2022
2000,Honda,Automatic,19c434213887,az,Burgundy,123 Cars,88594,04/11/2023
2010,Honda,Manual,1.77182E+11,az,Burgundy,123 Cars,54433,24/06/2022
2011,Honda,Automatic,39bbb0643735,az,Burgundy,XYZ Auto,10282,14/12/2023
2001,Honda,Manual,2d1464818839,az,Burgundy,XYZ Auto,69354,11/09/2023
2011,Honda,Automatic,12743c361229,az,Burgundy,ABC Motors,98413,02/09/2023
2011,Honda,Manual,14fc34835681,az,Burgundy,ABC Motors,75579,09/08/2022
2001,Ford,Automatic,246dc8851960,az,Burgundy,Best Auto,15144,29/08/2022
2010,Ford,Manual,2.32346E+11,az,Burgundy,Best Auto,32741,20/12/2023
2007,Ford,Automatic,31a7b5543530,az,Burgundy,123 Cars,82793,23/08/2023
2005,Ford,Manual,2fe59e897679,az,Burgundy,123 Cars,63656,28/07/2022
2004,Ford,Automatic,284b67999530,az,Burgundy,XYZ Auto,84385,05/09/2023
2001,Ford,Manual,15d8e5170768,az,Burgundy,XYZ Auto,28851,02/07/2022
2007,Ford,Automatic,109c20997683,az,Burgundy,ABC Motors,19556,26/08/2023
2007,Ford,Manual,2ac57686516,az,Burgundy,ABC Motors,74217,22/03/2022
2004,Chevrolet,Automatic,2212ee174461,az,Burgundy,Best Auto,68320,10/08/2023
2010,Chevrolet,Manual,2b74af307675,az,Burgundy,Best Auto,46333,01/04/2022
2001,Chevrolet,Automatic,1c3894427848,az,Burgundy,123 Cars,10274,16/10/2023
2010,Chevrolet,Manual,2d3cec312018,az,Burgundy,123 Cars,46349,09/10/2023
2001,Chevrolet,Automatic,1b4025259382,az,Burgundy,XYZ Auto,97512,20/08/2023
2001,Chevrolet,Manual,2341e9768181,az,Burgundy,XYZ Auto,17034,20/09/2023
2001,Chevrolet,Automatic,10a80e37630,az,Burgundy,ABC Motors,11003,12/08/2023
2013,Chevrolet,Manual,3c4b0c836424,az,Burgundy,ABC Motors,50921,07/10/2023
2010,Nissan,Automatic,2b39a0582625,az,Burgundy,Best Auto,94757,24/08/2022
2013,Nissan,Manual,3f05bc121242,az,Burgundy,Best Auto,61449,07/04/2022
2006,Nissan,Automatic,37f0ca254796,az,Burgundy,123 Cars,42123,26/06/2022
2000,Nissan,Manual,1c5b18362856,az,Burgundy,123 Cars,58788,15/10/2023
2008,Nissan,Automatic,263caa298116,az,Burgundy,XYZ Auto,85809,25/11/2023
2004,Nissan,Manual,14bc25547142,az,Burgundy,XYZ Auto,73050,29/10/2022
2012,Nissan,Automatic,1f51da592762,az,Burgundy,ABC Motors,67500,08/04/2022
2005,Nissan,Manual,1e05a5369433,az,Burgundy,ABC Motors,21698,21/11/2023
2007,BMW,Automatic,16d536872467,az,Burgundy,Best Auto,51979,16/11/2023
2010,BMW,Manual,1dcd70117459,az,Burgundy,Best Auto,46246,20/11/2023
2009,BMW,Automatic,1dc4e5243687,az,Burgundy,123 Cars,72570,12/10/2023
2010,BMW,Manual,21506e895697,az,Burgundy,123 Cars,63078,01/10/2023
2003,BMW,Automatic,29f5c5937562,az,Burgundy,XYZ Auto,95920,30/06/2022
2013,BMW,Manual,3fe535249985,az,Burgundy,XYZ Auto,82869,12/07/2022
2004,BMW,Automatic,1d15d2901496,az,Burgundy,ABC Motors,32860,18/09/2023
2007,BMW,Manual,1.1938E+11,az,Burgundy,ABC Motors,92050,13/11/2023
2009,Toyota,Automatic,2d5195891399,az,Gold,Best Auto,97858,09/05/2022
2002,Toyota,Manual,15c2e9212540,az,Gold,Best Auto,41128,04/06/2022
2001,Toyota,Automatic,2.59518E+11,az,Gold,123 Cars,95011,13/08/2023
2000,Toyota,Manual,2.89753E+11,az,Gold,123 Cars,25718,14/09/2022
2003,Toyota,Automatic,2d0db1877398,az,Gold,XYZ Auto,16356,26/08/2023
2010,Toyota,Manual,235a07829178,az,Gold,XYZ Auto,76707,21/08/2023
2003,Toyota,Automatic,346a6c831219,az,Gold,ABC Motors,18462,15/04/2022
2013,Toyota,Manual,26a9fc557678,az,Gold,ABC Motors,61608,06/08/2023
2002,Honda,Automatic,196fdf589324,az,Gold,Best Auto,94872,06/08/2023
2013,Honda,Manual,3b3817738019,az,Gold,Best Auto,65388,11/06/2022
2012,Honda,Automatic,2559e8373166,az,Gold,123 Cars,63787,11/08/2023
2012,Honda,Manual,29ce5181154,az,Gold,123 Cars,96954,21/09/2023
2008,Honda,Automatic,139aec24297,az,Gold,XYZ Auto,85486,20/11/2023
2001,Honda,Manual,1efb16117521,az,Gold,XYZ Auto,42332,11/12/2023
2006,Honda,Automatic,10403e439485,az,Gold,ABC Motors,17247,04/12/2023
2001,Honda,Manual,108df2684019,az,Gold,ABC Motors,53807,20/09/2022
2005,Ford,Automatic,23a1dd133086,az,Gold,Best Auto,44111,03/08/2023
2006,Ford,Manual,2c93ca86412,az,Gold,Best Auto,78820,15/04/2022
2007,Ford,Automatic,2d1081117931,az,Gold,123 Cars,79439,22/04/2022
2007,Ford,Manual,169a28951551,az,Gold,123 Cars,29600,12/09/2023
2003,Ford,Automatic,2603e2880338,az,Gold,XYZ Auto,76712,12/06/2022
2000,Ford,Manual,1adf63272185,az,Gold,XYZ Auto,47216,29/10/2022
2003,Ford,Automatic,18aafd551718,az,Gold,ABC Motors,82151,01/12/2023
2004,Ford,Manual,2bd432643822,az,Gold,ABC Motors,98474,25/05/2022
2013,Chevrolet,Automatic,34bc97571202,az,Gold,Best Auto,25154,12/11/2023
2001,Chevrolet,Manual,14465974315,az,Gold,Best Auto,53348,27/10/2023
2002,Chevrolet,Automatic,2481d4813494,az,Gold,123 Cars,56143,19/11/2023
2001,Chevrolet,Manual,1.04339E+11,az,Gold,123 Cars,26670,02/11/2023
2005,Chevrolet,Automatic,268e19571103,az,Gold,XYZ Auto,66442,01/05/2022
2005,Chevrolet,Manual,151aab733146,az,Gold,XYZ Auto,11003,27/08/2023
2011,Chevrolet,Automatic,14798c612426,az,Gold,ABC Motors,14338,28/10/2022
2005,Chevrolet,Manual,3.59423E+11,az,Gold,ABC Motors,45614,24/05/2022
2006,Nissan,Automatic,10d61523581,az,Gold,Best Auto,95825,27/09/2022
2009,Nissan,Manual,270f16304892,az,Gold,Best Auto,47382,21/11/2023
2002,Nissan,Automatic,2c0c94985779,az,Gold,123 Cars,92933,19/06/2022
2009,Nissan,Manual,21893e935787,az,Gold,123 Cars,31882,14/10/2023
2005,Nissan,Automatic,14cbea741922,az,Gold,XYZ Auto,73240,18/12/2023
2004,Nissan,Manual,10fb92939901,az,Gold,XYZ Auto,40793,20/12/2023
2012,Nissan,Automatic,2dab6067147,az,Gold,ABC Motors,93131,05/10/2023
2005,Nissan,Manual,14c70b646568,az,Gold,ABC Motors,35227,03/12/2023
2006,BMW,Automatic,26f6c7371073,az,Gold,Best Auto,99115,04/08/2022
2011,BMW,Manual,1e2770217868,az,Gold,Best Auto,43068,28/09/2022
2002,BMW,Automatic,3b73f8184874,az,Gold,123 Cars,41123,21/09/2022
2002,BMW,Manual,3ad116747746,az,Gold,123 Cars,80880,22/09/2022
2009,BMW,Automatic,170b922179,az,Gold,XYZ Auto,65042,21/05/2022
2000,BMW,Manual,2b446e512686,az,Gold,XYZ Auto,72670,02/05/2022
2013,BMW,Automatic,2945fc683601,az,Gold,ABC Motors,52812,26/08/2022
2004,BMW,Manual,1efd58729743,az,Gold,ABC Motors,48780,07/12/2023
2013,Toyota,Automatic,25e1e6256161,az,Black,Best Auto,97033,27/11/2023
2000,Toyota,Manual,24775b510720,az,Black,Best Auto,70210,16/04/2022
2011,Toyota,Automatic,18195665887,az,Black,123 Cars,80824,07/10/2023
2010,Toyota,Manual,1899db78496,az,Black,123 Cars,24555,25/11/2023
2008,Toyota,Automatic,25bfe3772490,az,Black,XYZ Auto,38278,09/10/2023
2003,Toyota,Manual,183b74349022,az,Black,XYZ Auto,23547,22/09/2022
2009,Toyota,Automatic,1ee83e93656,az,Black,ABC Motors,70739,05/10/2023
2001,Toyota,Manual,2.45434E+11,az,Black,ABC Motors,87173,29/11/2023
2004,Honda,Automatic,3.68311E+11,az,Black,Best Auto,80094,12/04/2022
2003,Honda,Manual,363ed2140450,az,Black,Best Auto,45394,01/08/2023
2007,Honda,Automatic,2242b9815877,az,Black,123 Cars,82796,22/10/2023
2008,Honda,Manual,2e5868289822,az,Black,123 Cars,52652,06/05/2022
2007,Honda,Automatic,1.61419E+11,az,Black,XYZ Auto,52425,21/06/2022
2009,Honda,Manual,3138d5180674,az,Black,XYZ Auto,22991,21/11/2023
2002,Honda,Automatic,280aca546436,az,Black,ABC Motors,42968,19/07/2022
2002,Honda,Manual,389bab89395,az,Black,ABC Motors,31686,22/08/2023
2013,Ford,Automatic,31a7f674679,az,Black,Best Auto,46025,07/04/2022
2010,Ford,Manual,3151dc429042,az,Black,Best Auto,86790,20/09/2023
2013,Ford,Automatic,249e80690463,az,Black,123 Cars,31115,26/12/2023
2001,Ford,Manual,3d6dc8176752,az,Black,123 Cars,75641,17/09/2023
2001,Ford,Automatic,2f5654926685,az,Black,XYZ Auto,79099,15/05/2022
2000,Ford,Manual,3.72861E+11,az,Black,XYZ Auto,30120,30/08/2023
2005,Ford,Automatic,15bb24920776,az,Black,ABC Motors,26568,11/09/2022
2002,Ford,Manual,1d3610874082,az,Black,ABC Motors,29504,15/12/2023
2006,Chevrolet,Automatic,264a80522379,az,Black,Best Auto,92516,29/12/2023
2000,Chevrolet,Manual,2a63e7108276,az,Black,Best Auto,70652,29/08/2022
2000,Chevrolet,Automatic,13daa5770250,az,Black,123 Cars,30317,20/10/2023
2011,Chevrolet,Manual,2a98ff807567,az,Black,123 Cars,28957,26/08/2022
2008,Chevrolet,Automatic,2cb520991578,az,Black,XYZ Auto,84363,02/07/2022
2002,Chevrolet,Manual,153cdb339169,az,Black,XYZ Auto,59068,29/10/2022
2009,Chevrolet,Automatic,32955a322097,az,Black,ABC Motors,44652,20/10/2022
2013,Chevrolet,Manual,2.00102E+11,az,Black,ABC Motors,48056,24/04/2022
2001,Nissan,Automatic,1deed1373458,az,Black,Best Auto,22783,26/10/2023
2008,Nissan,Manual,2.84385E+11,az,Black,Best Auto,78255,01/12/2023
2011,Nissan,Automatic,3.45658E+11,az,Black,123 Cars,19355,19/04/2022
2006,Nissan,Manual,1e3655658936,az,Black,123 Cars,13869,03/10/2023
2003,Nissan,Automatic,104fe5789079,az,Black,XYZ Auto,24448,26/04/2022
2006,Nissan,Manual,333fdf770724,az,Black,XYZ Auto,40527,17/07/2022
2005,Nissan,Automatic,3c228b72682,az,Black,ABC Motors,36765,20/07/2022
2003,Nissan,Manual,2f708b920603,az,Black,ABC Motors,31256,23/09/2023
2005,BMW,Automatic,2.6688E+11,az,Black,Best Auto,19526,21/12/2023
2011,BMW,Manual,3e1fb8359411,az,Black,Best Auto,76719,26/10/2023
2008,BMW,Automatic,3013b1766979,az,Black,123 Cars,75035,01/10/2023
2004,BMW,Manual,2.02297E+11,az,Black,123 Cars,73619,21/10/2023
2009,BMW,Automatic,1.16194E+11,az,Black,XYZ Auto,14868,08/07/2022
2010,BMW,Manual,2.88316E+11,az,Black,XYZ Auto,10849,29/10/2022
2001,BMW,Automatic,22a463939850,az,Black,ABC Motors,80706,27/08/2022
2001,BMW,Manual,14f1b9461748,az,Black,ABC Motors,54735,13/06/2022
2001,Toyota,Automatic,1154c0695414,az,Green,Best Auto,31944,22/03/2022
2001,Toyota,Manual,3dd824531208,az,Green,Best Auto,87225,21/10/2023
2009,Toyota,Automatic,331de9546959,az,Green,123 Cars,43351,07/10/2022
2002,Toyota,Manual,3665fb680928,az,Green,123 Cars,18036,04/05/2022
2005,Toyota,Automatic,37c967458502,az,Green,XYZ Auto,69963,01/04/2022
2013,Toyota,Manual,34dc01826306,az,Green,XYZ Auto,12834,07/08/2022
2009,Toyota,Automatic,11d18f385540,az,Green,ABC Motors,60338,11/10/2023
2008,Toyota,Manual,2.30555E+11,az,Green,ABC Motors,39629,14/07/2022
2000,Honda,Automatic,16189886944,az,Green,Best Auto,71479,18/04/2022
2002,Honda,Manual,3a5018605565,az,Green,Best Auto,60538,06/03/2022
2013,Honda,Automatic,11a80881540,az,Green,123 Cars,34504,06/07/2022
2001,Honda,Manual,3b7f47119683,az,Green,123 Cars,23165,21/04/2022
2005,Honda,Automatic,2a7395718410,az,Green,XYZ Auto,63982,09/09/2022
2011,Honda,Manual,2f06e8572495,az,Green,XYZ Auto,24747,29/07/2022
2001,Honda,Automatic,1f342c857788,az,Green,ABC Motors,94849,22/09/2022
2001,Honda,Manual,3439d9120852,az,Green,ABC Motors,78272,12/07/2022
2006,Ford,Automatic,346a84815421,az,Green,Best Auto,83007,24/11/2023
2008,Ford,Manual,28e30c379601,az,Green,Best Auto,24732,09/04/2022
2009,Ford,Automatic,3ffa74764108,az,Green,123 Cars,39616,27/10/2022
2004,Ford,Manual,3d0c7d817024,az,Green,123 Cars,63535,13/09/2023
2007,Ford,Automatic,3.26428E+11,az,Green,XYZ Auto,46753,01/08/2022
2010,Ford,Manual,20b50a702041,az,Green,XYZ Auto,82055,13/06/2022
2012,Ford,Automatic,108c96364740,az,Green,ABC Motors,69050,19/06/2022
2002,Ford,Manual,32b68a395985,az,Green,ABC Motors,28770,28/10/2022
2011,Chevrolet,Automatic,2c7859446721,az,Green,Best Auto,27825,06/10/2023
2009,Chevrolet,Manual,2.84339E+11,az,Green,Best Auto,50721,04/06/2022
2002,Chevrolet,Automatic,2d1765532180,az,Green,123 Cars,31801,05/10/2022
2008,Chevrolet,Manual,295a5f405364,az,Green,123 Cars,42374,25/12/2023
2008,Chevrolet,Automatic,3a8675592884,az,Green,XYZ Auto,73808,31/05/2022
2010,Chevrolet,Manual,3b3062763,az,Green,XYZ Auto,40206,19/09/2022
2009,Chevrolet,Automatic,29580c54937,az,Green,ABC Motors,79427,02/09/2022
2009,Chevrolet,Manual,19c085848120,az,Green,ABC Motors,34060,21/10/2023
2011,Nissan,Automatic,1d334b627546,az,Green,Best Auto,88643,13/08/2022
2006,Nissan,Manual,3dfd6f537645,az,Green,Best Auto,91586,12/05/2022
2012,Nissan,Automatic,3046c8533062,az,Green,123 Cars,78775,28/12/2023
2003,Nissan,Manual,3.28194E+11,az,Green,123 Cars,87349,28/09/2022
2006,Nissan,Automatic,2cc296830897,az,Green,XYZ Auto,96423,14/09/2023
2004,Nissan,Manual,21df15935757,az,Green,XYZ Auto,57316,13/10/2022
2011,Nissan,Automatic,2f684e334677,az,Green,ABC Motors,20704,20/09/2022
2008,Nissan,Manual,243c27260262,az,Green,ABC Motors,70455,21/08/2023
2008,BMW,Automatic,3c2ee0560651,az,Green,Best Auto,90429,13/09/2023
2011,BMW,Manual,1557d0716477,az,Green,Best Auto,91146,21/08/2023
2005,BMW,Automatic,1.19058E+11,az,Green,123 Cars,75665,03/03/2022
2013,BMW,Manual,2af852205152,az,Green,123 Cars,17398,02/04/2022
2011,BMW,Automatic,34b23a151728,az,Green,XYZ Auto,95641,08/04/2022
2004,BMW,Manual,2a05d2946962,az,Green,XYZ Auto,62324,31/10/2023
2000,BMW,Automatic,23cd0d899467,az,Green,ABC Motors,37275,05/04/2022
2011,BMW,Manual,102ceb603036,az,Green,ABC Motors,76405,10/08/2023
2012,Toyota,Automatic,1eb4fe908131,az,Blue,Best Auto,69364,25/10/2022
2008,Toyota,Manual,3f6617956723,az,Blue,Best Auto,64827,23/12/2023
2002,Toyota,Automatic,1b4dfb490613,az,Blue,123 Cars,33984,22/08/2023
2012,Toyota,Manual,22f904171589,az,Blue,123 Cars,14352,05/09/2023
2010,Toyota,Automatic,227afb875809,az,Blue,XYZ Auto,61432,27/08/2023
2003,Toyota,Manual,2e159b122432,az,Blue,XYZ Auto,24008,27/08/2023
2005,Toyota,Automatic,23de3c766067,az,Blue,ABC Motors,74150,30/08/2022
2003,Toyota,Manual,117f89198123,az,Blue,ABC Motors,57650,28/10/2022
2000,Honda,Automatic,3f977e78049,az,Blue,Best Auto,75404,20/09/2023
2005,Honda,Manual,3d5d53979289,az,Blue,Best Auto,31473,02/10/2023
2003,Honda,Automatic,235ffa485850,az,Blue,123 Cars,39735,25/11/2023
2002,Honda,Manual,342c36662621,az,Blue,123 Cars,41500,06/12/2023
2010,Honda,Automatic,3a84fc304426,az,Blue,XYZ Auto,97310,17/12/2023
2013,Honda,Manual,334a2f11573,az,Blue,XYZ Auto,86884,28/11/2023
2003,Honda,Automatic,24b12094828,az,Blue,ABC Motors,37085,11/08/2022
2003,Honda,Manual,1b71cd59686,az,Blue,ABC Motors,37507,29/11/2023
2004,Ford,Automatic,39fad8995014,az,Blue,Best Auto,71773,11/06/2022
2006,Ford,Manual,101b7c143171,az,Blue,Best Auto,20384,10/06/2022
2002,Ford,Automatic,2adcbb388891,az,Blue,123 Cars,46673,04/09/2023
2012,Ford,Manual,1424aa824731,az,Blue,123 Cars,99346,27/09/2023
2006,Ford,Automatic,27d149978862,az,Blue,XYZ Auto,33630,16/04/2022
2005,Ford,Manual,1abac0411980,az,Blue,XYZ Auto,14009,09/04/2022
2013,Ford,Automatic,397e40807171,az,Blue,ABC Motors,91971,25/04/2022
2001,Ford,Manual,33d18e466300,az,Blue,ABC Motors,62052,13/09/2022
2006,Chevrolet,Automatic,3a7ca9650842,az,Blue,Best Auto,77593,03/09/2022
2011,Chevrolet,Manual,37241c682098,az,Blue,Best Auto,30979,02/10/2022
2001,Chevrolet,Automatic,3db08a940123,az,Blue,123 Cars,39017,07/10/2022
2011,Chevrolet,Manual,369d27932533,az,Blue,123 Cars,92697,13/08/2023
2011,Chevrolet,Automatic,1745c737437,az,Blue,XYZ Auto,96102,25/10/2023
2009,Chevrolet,Manual,2f3efb614943,az,Blue,XYZ Auto,84862,08/12/2023
2004,Chevrolet,Automatic,11a890943714,az,Blue,ABC Motors,47520,13/08/2023
2003,Chevrolet,Manual,1944d4547675,az,Blue,ABC Motors,80325,17/10/2022
2003,Nissan,Automatic,35e649498293,az,Blue,Best Auto,31325,06/08/2023
2009,Nissan,Manual,3d89b1897657,az,Blue,Best Auto,65847,15/05/2022
2005,Nissan,Automatic,15f385959664,az,Blue,123 Cars,71807,23/08/2022
2007,Nissan,Manual,35fa0a374080,az,Blue,123 Cars,24563,07/08/2023
2009,Nissan,Automatic,32e5f4571019,az,Blue,XYZ Auto,82417,30/08/2022
2004,Nissan,Manual,1fc264352608,az,Blue,XYZ Auto,55513,26/04/2022
2006,Nissan,Automatic,39fc59339626,az,Blue,ABC Motors,45001,05/10/2022
2012,Nissan,Manual,2.43798E+11,az,Blue,ABC Motors,76320,12/11/2023
2012,BMW,Automatic,1230d9778691,az,Blue,Best Auto,46755,11/10/2022
2009,BMW,Manual,1db279104314,az,Blue,Best Auto,38028,14/05/2022
2003,BMW,Automatic,1aa1c2642298,az,Blue,123 Cars,19923,18/11/2023
2008,BMW,Manual,3f503641852,az,Blue,123 Cars,96388,23/11/2023
2009,BMW,Automatic,29c66f654394,az,Blue,XYZ Auto,99905,28/11/2023
2000,BMW,Manual,1180a161974,az,Blue,XYZ Auto,26516,30/04/2022
2010,BMW,Automatic,1bd81e394344,az,Blue,ABC Motors,94716,29/07/2022
2007,BMW,Manual,3dd2e0597847,az,Blue,ABC Motors,82261,03/07/2022
2003,Toyota,Automatic,375c47999280,az,Red,Best Auto,58952,11/09/2023
2010,Toyota,Manual,3f142b662191,az,Red,Best Auto,24002,03/09/2023
2011,Toyota,Automatic,2.35569E+11,az,Red,123 Cars,37763,24/11/2023
2011,Toyota,Manual,1.00164E+11,az,Red,123 Cars,27563,23/09/2023
2011,Toyota,Automatic,2.42442E+11,az,Red,XYZ Auto,89874,13/12/2023
2004,Toyota,Manual,39cc82980536,az,Red,XYZ Auto,65093,31/10/2023
2001,Toyota,Automatic,3aea8b913270,az,Red,ABC Motors,32684,30/06/2022
2007,Toyota,Manual,3ae4b7803291,az,Red,ABC Motors,11071,17/11/2023
2009,Honda,Automatic,1d64d6930554,az,Red,Best Auto,38073,04/11/2023
2010,Honda,Manual,39dca8367738,az,Red,Best Auto,27185,30/06/2022
2011,Honda,Automatic,3a9397290314,az,Red,123 Cars,86048,15/10/2023
2004,Honda,Manual,1.47815E+11,az,Red,123 Cars,93946,06/08/2022
2001,Honda,Automatic,3001cf260566,az,Red,XYZ Auto,50756,07/10/2022
2006,Honda,Manual,1825c1952998,az,Red,XYZ Auto,36617,28/07/2022
2008,Honda,Automatic,16cd7a355213,az,Red,ABC Motors,26415,23/07/2022
2011,Honda,Manual,3d5220361756,az,Red,ABC Motors,24385,18/04/2022
2009,Ford,Automatic,17cd5b274060,az,Red,Best Auto,49925,24/09/2022
2005,Ford,Manual,201fae332205,az,Red,Best Auto,54469,28/12/2023
2006,Ford,Automatic,3f48bc406621,az,Red,123 Cars,99325,15/04/2022
2010,Ford,Manual,369d1c41065,az,Red,123 Cars,87120,23/10/2023
2002,Ford,Automatic,19353f761913,az,Red,XYZ Auto,75572,13/09/2022
2005,Ford,Manual,2d2859843402,az,Red,XYZ Auto,48782,22/09/2022
2008,Ford,Automatic,3ad266874161,az,Red,ABC Motors,59858,03/11/2023
2002,Ford,Manual,158f51440805,az,Red,ABC Motors,46395,21/09/2023
2009,Chevrolet,Automatic,11bdfc767376,az,Red,Best Auto,87780,30/11/2023
2000,Chevrolet,Manual,2db722764938,az,Red,Best Auto,51549,05/08/2023
2000,Chevrolet,Automatic,34eebe811173,az,Red,123 Cars,94672,04/07/2022
2003,Chevrolet,Manual,2.06288E+11,az,Red,123 Cars,54430,24/08/2023
2009,Chevrolet,Automatic,3c7272419505,az,Red,XYZ Auto,58876,23/10/2022
2006,Chevrolet,Manual,2ad66f553037,az,Red,XYZ Auto,14930,21/12/2023
2008,Chevrolet,Automatic,38fc52790694,az,Red,ABC Motors,85749,12/08/2023
2011,Chevrolet,Manual,2200c8886079,az,Red,ABC Motors,20641,27/10/2022
2013,Nissan,Automatic,1f0274828187,az,Red,Best Auto,89723,02/08/2023
2013,Nissan,Manual,1805ab259695,az,Red,Best Auto,84336,03/06/2022
2004,Nissan,Automatic,126d8e800749,az,Red,123 Cars,12467,28/10/2023
2010,Nissan,Manual,2.50028E+11,az,Red,123 Cars,75716,09/09/2023
2009,Nissan,Automatic,188b47930214,az,Red,XYZ Auto,41560,25/11/2023
2013,Nissan,Manual,3b1221311362,az,Red,XYZ Auto,81947,21/04/2022
2000,Nissan,Automatic,321faa217504,az,Red,ABC Motors,91671,22/10/2022
2012,Nissan,Manual,304a4d158282,az,Red,ABC Motors,31064,28/06/2022
2009,BMW,Automatic,37815d613105,az,Red,Best Auto,73287,06/09/2023
2009,BMW,Manual,1.16882E+11,az,Red,Best Auto,39580,04/12/2023
2000,BMW,Automatic,163cc6928236,az,Red,123 Cars,92447,01/10/2023
2011,BMW,Manual,1eae88124429,az,Red,123 Cars,40022,07/06/2022
2004,BMW,Automatic,20ce80972728,az,Red,XYZ Auto,48677,01/10/2023
2003,BMW,Manual,3.90682E+11,az,Red,XYZ Auto,83237,22/11/2023
2006,BMW,Automatic,3c1531437528,az,Red,ABC Motors,84877,15/10/2023
2011,BMW,Manual,36a9cc577325,az,Red,ABC Motors,46698,09/09/2022
2004,Toyota,Automatic,1f2193235593,ca,Silver,Best Auto,34943,21/10/2022
2009,Toyota,Manual,2a61f5210746,ca,Silver,Best Auto,74181,12/09/2023
2013,Toyota,Automatic,2d5cb6602230,ca,Silver,123 Cars,55047,17/11/2023
2009,Toyota,Manual,39a3ea79297,ca,Silver,123 Cars,98949,26/10/2022
2009,Toyota,Automatic,2d1f1d621393,ca,Silver,XYZ Auto,22407,08/09/2023
2011,Toyota,Manual,34519f285858,ca,Silver,XYZ Auto,25868,26/12/2023
2000,Toyota,Automatic,227ddc643425,ca,Silver,ABC Motors,61044,02/08/2023
2012,Toyota,Manual,31bd49588375,ca,Silver,ABC Motors,73196,12/07/2022
2010,Honda,Automatic,23147b502023,ca,Silver,Best Auto,90007,12/04/2022
2013,Honda,Manual,1a2859508730,ca,Silver,Best Auto,63114,12/11/2023
2005,Honda,Automatic,29e051386074,ca,Silver,123 Cars,51780,15/06/2022
2002,Honda,Manual,29bf79837890,ca,Silver,123 Cars,39458,08/11/2023
2001,Honda,Automatic,2bc79a73142,ca,Silver,XYZ Auto,98487,29/08/2023
2009,Honda,Manual,25b267278031,ca,Silver,XYZ Auto,69757,16/08/2022
2006,Honda,Automatic,24a40e323231,ca,Silver,ABC Motors,49240,31/07/2022
2002,Honda,Manual,3f2f83204539,ca,Silver,ABC Motors,78533,06/08/2023
2002,Ford,Automatic,339c13150488,ca,Silver,Best Auto,30719,21/10/2023
2009,Ford,Manual,3a3333267100,ca,Silver,Best Auto,56987,17/11/2022
2011,Ford,Automatic,2.42397E+11,ca,Silver,123 Cars,20819,17/09/2023
2005,Ford,Manual,2.4109E+11,ca,Silver,123 Cars,50739,14/09/2022
2002,Ford,Automatic,2bd10627143,ca,Silver,XYZ Auto,51150,03/08/2023
2002,Ford,Manual,2385b4269956,ca,Silver,XYZ Auto,47304,24/05/2022
2003,Ford,Automatic,15094e589870,ca,Silver,ABC Motors,34331,07/11/2023
2008,Ford,Manual,1ba9e7459604,ca,Silver,ABC Motors,13865,18/12/2023
2011,Chevrolet,Automatic,146c8e578160,ca,Silver,Best Auto,68727,25/10/2023
2007,Chevrolet,Manual,34a261103575,ca,Silver,Best Auto,12376,03/07/2022
2011,Chevrolet,Automatic,1cc575280283,ca,Silver,123 Cars,44576,20/09/2023
2001,Chevrolet,Manual,14f620249975,ca,Silver,123 Cars,32851,27/05/2022
2007,Chevrolet,Automatic,36e47a605331,ca,Silver,XYZ Auto,24224,14/04/2022
2013,Chevrolet,Manual,224f84120006,ca,Silver,XYZ Auto,47214,30/11/2023
2009,Chevrolet,Automatic,1589b0914222,ca,Silver,ABC Motors,53981,25/10/2023
2009,Chevrolet,Manual,1672c3316753,ca,Silver,ABC Motors,39339,13/07/2022
2009,Nissan,Automatic,2daa2c55898,ca,Silver,Best Auto,18011,15/05/2022
2003,Nissan,Manual,10ce95478602,ca,Silver,Best Auto,18088,26/07/2022
2000,Nissan,Automatic,3d70c3355980,ca,Silver,123 Cars,93669,25/10/2023
2008,Nissan,Manual,1a8455771078,ca,Silver,123 Cars,45119,05/11/2023
2008,Nissan,Automatic,14f92c838118,ca,Silver,XYZ Auto,68911,06/08/2023
2010,Nissan,Manual,39449c852055,ca,Silver,XYZ Auto,69183,21/10/2022
2010,Nissan,Automatic,363bd5119380,ca,Silver,ABC Motors,90111,14/12/2023
2001,Nissan,Manual,37290b36367,ca,Silver,ABC Motors,22102,26/08/2023
2007,BMW,Automatic,2a8788632174,ca,Silver,Best Auto,13474,09/09/2023
2004,BMW,Manual,2ec6fc620891,ca,Silver,Best Auto,34458,24/09/2023
2006,BMW,Automatic,2f11ce195962,ca,Silver,123 Cars,51813,08/10/2023
2010,BMW,Manual,1fab8a168124,ca,Silver,123 Cars,30966,14/09/2023
2009,BMW,Automatic,2fddf8365042,ca,Silver,XYZ Auto,74831,21/10/2023
2007,BMW,Manual,2e5f93582925,ca,Silver,XYZ Auto,90592,07/07/2022
2010,BMW,Automatic,36869c109535,ca,Silver,ABC Motors,78464,10/11/2022
2006,BMW,Manual,18de17913700,ca,Silver,ABC Motors,50818,04/08/2023
2007,Toyota,Automatic,1b451590904,ca,White,Best Auto,19894,20/09/2023
2003,Toyota,Manual,137c7455107,ca,White,Best Auto,94917,20/04/2022
2007,Toyota,Automatic,3a0e79193964,ca,White,123 Cars,98017,13/09/2022
2004,Toyota,Manual,2.87251E+11,ca,White,123 Cars,29883,17/12/2023
2013,Toyota,Automatic,1.96842E+11,ca,White,XYZ Auto,30211,31/08/2023
2008,Toyota,Manual,26e946376515,ca,White,XYZ Auto,60025,07/08/2022
2009,Toyota,Automatic,2059e630705,ca,White,ABC Motors,36086,27/08/2022
2004,Toyota,Manual,3289cb796976,ca,White,ABC Motors,51197,02/12/2023
2012,Honda,Automatic,11175179741,ca,White,Best Auto,76825,14/04/2022
2006,Honda,Manual,1f4242953997,ca,White,Best Auto,95304,23/10/2022
2012,Honda,Automatic,27ab52769601,ca,White,123 Cars,64941,17/11/2023
2010,Honda,Manual,3.46666E+11,ca,White,123 Cars,19598,30/11/2023
2007,Honda,Automatic,12d055356172,ca,White,XYZ Auto,96246,08/09/2022
2010,Honda,Manual,353ae9427000,ca,White,XYZ Auto,59285,24/08/2023
2006,Honda,Automatic,24b4ff275986,ca,White,ABC Motors,87232,22/08/2023
2006,Honda,Manual,3a2106319608,ca,White,ABC Motors,70832,18/09/2023
2005,Ford,Automatic,16be8f357487,ca,White,Best Auto,49282,23/11/2023
2001,Ford,Manual,1e212a629335,ca,White,Best Auto,58358,29/09/2023
2011,Ford,Automatic,264cec401050,ca,White,123 Cars,53112,06/08/2022
2002,Ford,Manual,206dfe620949,ca,White,123 Cars,99212,18/12/2023
2001,Ford,Automatic,24ab65445889,ca,White,XYZ Auto,70706,14/12/2023
2000,Ford,Manual,1f2659796037,ca,White,XYZ Auto,12789,15/11/2023
2010,Ford,Automatic,3f2f3f804467,ca,White,ABC Motors,82490,30/05/2022
2008,Ford,Manual,2e447d152492,ca,White,ABC Motors,54648,29/12/2023
2000,Chevrolet,Automatic,23eac8441559,ca,White,Best Auto,11339,12/05/2022
2010,Chevrolet,Manual,3d4fcd244340,ca,White,Best Auto,46691,03/12/2023
2004,Chevrolet,Automatic,115bc2102997,ca,White,123 Cars,73572,30/08/2022
2003,Chevrolet,Manual,3a7675546137,ca,White,123 Cars,83095,11/05/2022
2005,Chevrolet,Automatic,3722dc525278,ca,White,XYZ Auto,36577,13/05/2022
2012,Chevrolet,Manual,2f040f74411,ca,White,XYZ Auto,29435,11/08/2023
2011,Chevrolet,Automatic,2c8fa0113900,ca,White,ABC Motors,78300,22/10/2023
2006,Chevrolet,Manual,3c845c921208,ca,White,ABC Motors,88921,23/08/2022
2008,Nissan,Automatic,2284cb104147,ca,White,Best Auto,10538,26/12/2023
2010,Nissan,Manual,26cb47763951,ca,White,Best Auto,76289,05/09/2023
2005,Nissan,Automatic,325f37520337,ca,White,123 Cars,95413,13/11/2023
2002,Nissan,Manual,10a3e1858419,ca,White,123 Cars,86000,11/10/2022
2009,Nissan,Automatic,3028df726217,ca,White,XYZ Auto,93959,18/04/2022
2006,Nissan,Manual,205dcb575000,ca,White,XYZ Auto,81633,04/07/2022
2003,Nissan,Automatic,3cb1f1655159,ca,White,ABC Motors,36044,17/08/2022
2006,Nissan,Manual,2a4d0e634864,ca,White,ABC Motors,48103,02/10/2023
2002,BMW,Automatic,3d5102222042,ca,White,Best Auto,23758,02/11/2022
2001,BMW,Manual,13b46d240316,ca,White,Best Auto,63912,21/09/2022
2003,BMW,Automatic,28b71c510152,ca,White,123 Cars,47072,16/08/2022
2007,BMW,Manual,2cc01577664,ca,White,123 Cars,10379,18/12/2023
2011,BMW,Automatic,334e25588174,ca,White,XYZ Auto,20631,28/10/2023
2011,BMW,Manual,34fae7684282,ca,White,XYZ Auto,29234,20/09/2022
2000,BMW,Automatic,222c3e390394,ca,White,ABC Motors,57710,03/05/2022
2006,BMW,Manual,3fa3f5550896,ca,White,ABC Motors,97517,14/08/2022
2002,Toyota,Automatic,1a71d9706755,ca,Burgundy,Best Auto,52914,10/11/2023
2003,Toyota,Manual,32f0df596326,ca,Burgundy,Best Auto,12154,10/12/2023
2004,Toyota,Automatic,2e5c57839606,ca,Burgundy,123 Cars,50225,03/10/2023
2010,Toyota,Manual,1e3bf3512159,ca,Burgundy,123 Cars,48151,16/03/2022
2008,Toyota,Automatic,27a972410492,ca,Burgundy,XYZ Auto,68316,16/11/2023
2000,Toyota,Manual,1e7e2421754,ca,Burgundy,XYZ Auto,74813,09/11/2023
2007,Toyota,Automatic,24b220337624,ca,Burgundy,ABC Motors,77981,13/05/2022
2010,Toyota,Manual,2e942a709798,ca,Burgundy,ABC Motors,21487,07/12/2023
2007,Honda,Automatic,18b26c909445,ca,Burgundy,Best Auto,74066,22/08/2023
2011,Honda,Manual,12a7e4951398,ca,Burgundy,Best Auto,95702,07/05/2022
2012,Honda,Automatic,3748d7318007,ca,Burgundy,123 Cars,62042,15/10/2022
2013,Honda,Manual,3e81ed870460,ca,Burgundy,123 Cars,56592,19/04/2022
2013,Honda,Automatic,1.08396E+11,ca,Burgundy,XYZ Auto,16752,13/09/2023
2005,Honda,Manual,3d3389592053,ca,Burgundy,XYZ Auto,87754,05/11/2023
2007,Honda,Automatic,128bd7610304,ca,Burgundy,ABC Motors,15339,28/06/2022
2006,Honda,Manual,1b9a08329829,ca,Burgundy,ABC Motors,62195,31/08/2023
2012,Ford,Automatic,3a022a194790,ca,Burgundy,Best Auto,99711,04/03/2022
2005,Ford,Manual,1dfe33167980,ca,Burgundy,Best Auto,39335,21/07/2022
2001,Ford,Automatic,2.46698E+11,ca,Burgundy,123 Cars,59674,19/09/2022
2006,Ford,Manual,20e6a8124645,ca,Burgundy,123 Cars,90786,31/07/2022
2001,Ford,Automatic,3f271e600878,ca,Burgundy,XYZ Auto,87734,02/08/2022
2007,Ford,Manual,354f437026,ca,Burgundy,XYZ Auto,86655,13/10/2022
2003,Ford,Automatic,2.9203E+11,ca,Burgundy,ABC Motors,46237,21/05/2022
2013,Ford,Manual,2825c0863471,ca,Burgundy,ABC Motors,91992,06/09/2023
2013,Chevrolet,Automatic,14e13f517692,ca,Burgundy,Best Auto,92368,11/06/2022
2000,Chevrolet,Manual,28afe7772432,ca,Burgundy,Best Auto,58121,01/06/2022
2004,Chevrolet,Automatic,17682c538851,ca,Burgundy,123 Cars,32814,03/07/2022
2009,Chevrolet,Manual,2e019f104379,ca,Burgundy,123 Cars,97309,14/09/2022
2007,Chevrolet,Automatic,38c85418470,ca,Burgundy,XYZ Auto,35557,12/12/2023
2005,Chevrolet,Manual,34c77a879903,ca,Burgundy,XYZ Auto,21253,27/10/2023
2013,Chevrolet,Automatic,26f94a369756,ca,Burgundy,ABC Motors,48939,06/04/2022
2000,Chevrolet,Manual,3b8f71574025,ca,Burgundy,ABC Motors,79851,07/06/2022
2002,Nissan,Automatic,290a09836381,ca,Burgundy,Best Auto,67993,08/09/2022
2009,Nissan,Manual,2c1e9f175102,ca,Burgundy,Best Auto,85244,20/10/2023
2009,Nissan,Automatic,35eba336173,ca,Burgundy,123 Cars,62177,12/05/2022
2011,Nissan,Manual,14d88b805724,ca,Burgundy,123 Cars,96763,30/12/2023
2005,Nissan,Automatic,1ed435654251,ca,Burgundy,XYZ Auto,15213,18/03/2022
2004,Nissan,Manual,2bcd07229761,ca,Burgundy,XYZ Auto,26371,11/11/2023
2003,Nissan,Automatic,2a98e1915485,ca,Burgundy,ABC Motors,30557,22/12/2023
2005,Nissan,Manual,1bff78508806,ca,Burgundy,ABC Motors,74042,05/12/2023
2000,BMW,Automatic,117d2825985,ca,Burgundy,Best Auto,16622,10/09/2023
2004,BMW,Manual,1d0bf5689377,ca,Burgundy,Best Auto,65890,31/07/2022
2000,BMW,Automatic,1980d9516790,ca,Burgundy,123 Cars,18589,05/07/2022
2012,BMW,Manual,232dbc747861,ca,Burgundy,123 Cars,87822,25/09/2023
2001,BMW,Automatic,393fcd514981,ca,Burgundy,XYZ Auto,29504,04/12/2023
2007,BMW,Manual,1a81c9867820,ca,Burgundy,XYZ Auto,58680,05/06/2022
2001,BMW,Automatic,3.61186E+11,ca,Burgundy,ABC Motors,23444,08/07/2022
2000,BMW,Manual,3e7e6f59262,ca,Burgundy,ABC Motors,91605,02/04/2022
2004,Toyota,Automatic,171af4958065,ca,Gold,Best Auto,19856,28/12/2023
2009,Toyota,Manual,10bee8745162,ca,Gold,Best Auto,28853,18/07/2022
2011,Toyota,Automatic,274f80305274,ca,Gold,123 Cars,43053,08/10/2022
2012,Toyota,Manual,22cf20205059,ca,Gold,123 Cars,82116,26/06/2022
2005,Toyota,Automatic,25188c281751,ca,Gold,XYZ Auto,68105,20/08/2022
2005,Toyota,Manual,35e8c5754590,ca,Gold,XYZ Auto,60526,17/10/2022
2007,Toyota,Automatic,1026fe555474,ca,Gold,ABC Motors,26783,30/09/2022
2003,Toyota,Manual,34e46f959090,ca,Gold,ABC Motors,66997,01/12/2023
2004,Honda,Automatic,25e43d678798,ca,Gold,Best Auto,82314,29/07/2022
2013,Honda,Manual,2fd517168923,ca,Gold,Best Auto,32743,11/10/2023
2010,Honda,Automatic,1344b0214005,ca,Gold,123 Cars,54582,23/09/2022
2011,Honda,Manual,3da6a1609835,ca,Gold,123 Cars,32072,01/10/2023
2005,Honda,Automatic,103c21504619,ca,Gold,XYZ Auto,43654,02/09/2023
2004,Honda,Manual,26fc93123783,ca,Gold,XYZ Auto,96532,12/07/2022
2006,Honda,Automatic,1b50e8958122,ca,Gold,ABC Motors,35573,24/05/2022
2007,Honda,Manual,3.59431E+11,ca,Gold,ABC Motors,53706,29/06/2022
2013,Ford,Automatic,28029e312554,ca,Gold,Best Auto,32262,06/09/2022
2004,Ford,Manual,31358293114,ca,Gold,Best Auto,86782,16/09/2023
2013,Ford,Automatic,2ee727393416,ca,Gold,123 Cars,33498,28/04/2022
2001,Ford,Manual,30eb44662741,ca,Gold,123 Cars,81918,20/11/2023
2000,Ford,Automatic,2e396a943182,ca,Gold,XYZ Auto,28034,16/11/2023
2002,Ford,Manual,1fd399147678,ca,Gold,XYZ Auto,44266,02/09/2022
2006,Ford,Automatic,1bbc2b632369,ca,Gold,ABC Motors,90337,08/07/2022
2007,Ford,Manual,15145d858804,ca,Gold,ABC Motors,19424,12/09/2023
2013,Chevrolet,Automatic,27c57871092,ca,Gold,Best Auto,59826,18/08/2023
2007,Chevrolet,Manual,17130f171452,ca,Gold,Best Auto,23529,10/11/2023
2003,Chevrolet,Automatic,3c93e8617180,ca,Gold,123 Cars,27290,06/11/2023
2001,Chevrolet,Manual,370a4b677967,ca,Gold,123 Cars,85532,24/04/2022
2002,Chevrolet,Automatic,17d47427216,ca,Gold,XYZ Auto,27198,09/06/2022
2012,Chevrolet,Manual,3.18329E+11,ca,Gold,XYZ Auto,92771,31/08/2023
2005,Chevrolet,Automatic,140bfb670628,ca,Gold,ABC Motors,17383,14/10/2022
2005,Chevrolet,Manual,376e43424843,ca,Gold,ABC Motors,57478,23/08/2022
2005,Nissan,Automatic,18231b682112,ca,Gold,Best Auto,26345,29/10/2023
2012,Nissan,Manual,3645ec878490,ca,Gold,Best Auto,72140,30/10/2022
2011,Nissan,Automatic,17367819932,ca,Gold,123 Cars,33899,17/11/2023
2003,Nissan,Manual,208f9e927124,ca,Gold,123 Cars,91175,18/10/2023
2010,Nissan,Automatic,38f4bc664393,ca,Gold,XYZ Auto,85486,25/06/2022
2002,Nissan,Manual,2319ef689125,ca,Gold,XYZ Auto,96131,23/12/2023
2010,Nissan,Automatic,35375313247,ca,Gold,ABC Motors,79064,25/06/2022
2011,Nissan,Manual,3d2e8281753,ca,Gold,ABC Motors,39633,17/04/2022
2005,BMW,Automatic,15ecc7367312,ca,Gold,Best Auto,26636,07/12/2023
2011,BMW,Manual,22e816919715,ca,Gold,Best Auto,67970,01/06/2022
2006,BMW,Automatic,25daab322786,ca,Gold,123 Cars,23118,06/10/2022
2010,BMW,Manual,217e5b619798,ca,Gold,123 Cars,52339,18/05/2022
2006,BMW,Automatic,18ffd1765249,ca,Gold,XYZ Auto,52520,17/09/2023
2000,BMW,Manual,3b5a14132402,ca,Gold,XYZ Auto,58207,14/12/2023
2003,BMW,Automatic,329fe6337950,ca,Gold,ABC Motors,32581,27/12/2023
2003,BMW,Manual,2.27732E+11,ca,Gold,ABC Motors,93048,21/10/2023
2009,Toyota,Automatic,3b83e811328,ca,Black,Best Auto,18422,23/09/2023
2006,Toyota,Manual,37893646304,ca,Black,Best Auto,82340,19/12/2023
2012,Toyota,Automatic,3d692a546009,ca,Black,123 Cars,84096,07/09/2023
2006,Toyota,Manual,38b712112309,ca,Black,123 Cars,13077,16/06/2022
2011,Toyota,Automatic,149f7f976688,ca,Black,XYZ Auto,43817,05/11/2023
2013,Toyota,Manual,2ac73e323953,ca,Black,XYZ Auto,92480,23/11/2023
2008,Toyota,Automatic,12b06a496089,ca,Black,ABC Motors,49476,03/08/2022
2009,Toyota,Manual,14c2bd10836,ca,Black,ABC Motors,34540,18/06/2022
2004,Honda,Automatic,36c897433957,ca,Black,Best Auto,64381,20/11/2023
2010,Honda,Manual,3cdb99453669,ca,Black,Best Auto,98682,19/10/2023
2007,Honda,Automatic,3.71764E+11,ca,Black,123 Cars,60282,24/09/2023
2009,Honda,Manual,25a476804438,ca,Black,123 Cars,65669,07/04/2022
2009,Honda,Automatic,24db42720508,ca,Black,XYZ Auto,63608,28/09/2023
2011,Honda,Manual,1540a4271889,ca,Black,XYZ Auto,33642,20/10/2022
2006,Honda,Automatic,355e98953350,ca,Black,ABC Motors,75977,25/08/2022
2011,Honda,Manual,3.98101E+11,ca,Black,ABC Motors,50788,09/07/2022
2012,Ford,Automatic,1feb3e215933,ca,Black,Best Auto,39944,30/08/2022
2000,Ford,Manual,104b7f537383,ca,Black,Best Auto,65744,28/05/2022
2006,Ford,Automatic,21d2ae169045,ca,Black,123 Cars,75341,20/11/2023
2001,Ford,Manual,2.33519E+11,ca,Black,123 Cars,41503,04/10/2023
2006,Ford,Automatic,16ba1f109134,ca,Black,XYZ Auto,89848,07/07/2022
2001,Ford,Manual,3.14702E+11,ca,Black,XYZ Auto,59221,13/10/2022
2006,Ford,Automatic,33f2b8795288,ca,Black,ABC Motors,18501,16/09/2023
2001,Ford,Manual,16ea42977741,ca,Black,ABC Motors,49074,29/07/2022
2003,Chevrolet,Automatic,33e25f913488,ca,Black,Best Auto,48321,14/12/2023
2005,Chevrolet,Manual,22d15d804261,ca,Black,Best Auto,58746,07/12/2023
2004,Chevrolet,Automatic,3578dd307954,ca,Black,123 Cars,47972,30/12/2023
2002,Chevrolet,Manual,27d2d3797223,ca,Black,123 Cars,74316,27/05/2022
2002,Chevrolet,Automatic,32d65872128,ca,Black,XYZ Auto,58900,19/08/2023
2007,Chevrolet,Manual,3.51791E+11,ca,Black,XYZ Auto,78146,12/12/2023
2011,Chevrolet,Automatic,315be8190867,ca,Black,ABC Motors,82695,06/07/2022
2006,Chevrolet,Manual,3ba589960758,ca,Black,ABC Motors,45550,21/09/2022
2001,Nissan,Automatic,1f1cce738097,ca,Black,Best Auto,41156,22/09/2023
2007,Nissan,Manual,27dc16229328,ca,Black,Best Auto,66610,31/08/2023
2006,Nissan,Automatic,24f47d901347,ca,Black,123 Cars,68455,17/08/2022
2007,Nissan,Manual,3c810c761515,ca,Black,123 Cars,25016,04/11/2023
2007,Nissan,Automatic,1c3994207518,ca,Black,XYZ Auto,34026,01/04/2022
2009,Nissan,Manual,388ff341567,ca,Black,XYZ Auto,29305,05/10/2023
2013,Nissan,Automatic,1e0b55885311,ca,Black,ABC Motors,57101,11/04/2022
2013,Nissan,Manual,1ba4c5733251,ca,Black,ABC Motors,82483,22/08/2023
